idna_subject,checker_type,destination,tested_at
ads.samsung.com,AVAILABILITY,domains.list,2022-10-31 04:24:31.089967
adserver.polemicaparaiba.com.br,AVAILABILITY,domains.list,2022-10-31 04:26:12.923927
pool.tumblr.iponweb.net,AVAILABILITY,domains.list,2022-10-31 04:26:14.989827
www.truckstomatoes.com,AVAILABILITY,domains.list,2022-10-31 04:26:15.729495
www.tranquilside.com,AVAILABILITY,domains.list,2022-10-31 04:26:16.306087
www.truthfulturn.com,AVAILABILITY,domains.list,2022-10-31 04:26:16.823602
www.typicalteeth.com,AVAILABILITY,domains.list,2022-10-31 04:26:17.346143
www.ultraoranges.com,AVAILABILITY,domains.list,2022-10-31 04:26:17.912594
www.tzwaw.pw,AVAILABILITY,domains.list,2022-10-31 04:26:18.523919
www.unarmedindustry.com,AVAILABILITY,domains.list,2022-10-31 04:26:18.954211
www.unequalbrake.com,AVAILABILITY,domains.list,2022-10-31 04:26:19.457673
www.unknowntray.com,AVAILABILITY,domains.list,2022-10-31 04:26:20.152781
www.untidyquestion.com,AVAILABILITY,domains.list,2022-10-31 04:26:20.733140
www.untidyrice.com,AVAILABILITY,domains.list,2022-10-31 04:26:21.213704
www.usedexample.com,AVAILABILITY,domains.list,2022-10-31 04:26:21.902581
www.unusualtitle.com,AVAILABILITY,domains.list,2022-10-31 04:26:22.557476
www.uaswitcher.org,AVAILABILITY,domains.list,2022-10-31 04:26:24.951914
www.uttermosthobbies.com,AVAILABILITY,domains.list,2022-10-31 04:26:25.445209
www.vanfireworks.com,AVAILABILITY,domains.list,2022-10-31 04:26:26.088637
www.voicevegetable.com,AVAILABILITY,domains.list,2022-10-31 04:26:26.682349
www.waggishpig.com,AVAILABILITY,domains.list,2022-10-31 04:26:27.213569
www.wellgroomedbat.com,AVAILABILITY,domains.list,2022-10-31 04:26:27.742331
www.waryfog.com,AVAILABILITY,domains.list,2022-10-31 04:26:28.356360
www.wateryvan.com,AVAILABILITY,domains.list,2022-10-31 04:26:28.982785
www.wellmadefrog.com,AVAILABILITY,domains.list,2022-10-31 04:26:29.426634
www.whiskyqueue.com,AVAILABILITY,domains.list,2022-10-31 04:26:29.918208
www.whirlwealth.com,AVAILABILITY,domains.list,2022-10-31 04:26:30.439367
www.whisperingbadge.com,AVAILABILITY,domains.list,2022-10-31 04:26:30.936624
www.wirecomic.com,AVAILABILITY,domains.list,2022-10-31 04:26:31.456327
www.wigglygeese.com,AVAILABILITY,domains.list,2022-10-31 04:26:31.969809
www.womanear.com,AVAILABILITY,domains.list,2022-10-31 04:26:32.521666
www.worrybutter.com,AVAILABILITY,domains.list,2022-10-31 04:26:32.945600
www.wreckvolcano.com,AVAILABILITY,domains.list,2022-10-31 04:26:33.443531
www.wrongpotato.com,AVAILABILITY,domains.list,2022-10-31 04:26:34.193346
www.wryfinger.com,AVAILABILITY,domains.list,2022-10-31 04:26:34.644871
www.xovq5nemr.com,AVAILABILITY,domains.list,2022-10-31 04:26:35.221975
www.zbwp6ghm.com,AVAILABILITY,domains.list,2022-10-31 04:26:35.797711
www.youngmarble.com,AVAILABILITY,domains.list,2022-10-31 04:26:36.457964
www.zealousfield.com,AVAILABILITY,domains.list,2022-10-31 04:26:36.962595
www.zlp6s.pw,AVAILABILITY,domains.list,2022-10-31 04:26:37.461964
ad.mopub.com,AVAILABILITY,domains.list,2022-10-31 04:26:38.129893
metrics.plex.tv,AVAILABILITY,domains.list,2022-10-31 04:26:38.658665
a1.adstore.jp,AVAILABILITY,domains.list,2022-10-31 04:26:39.496350
fast-nc.appcues.com,AVAILABILITY,domains.list,2022-10-31 04:26:39.891376
settings.crashlytics.com,AVAILABILITY,domains.list,2022-10-31 04:26:40.369925
www.clearcomb.com,AVAILABILITY,domains.list,2022-10-31 04:26:40.794859
www.excuseearthquake.com,AVAILABILITY,domains.list,2022-10-31 04:26:41.293352
abandonedclover.com,AVAILABILITY,domains.list,2022-10-31 04:26:41.711767
advertising.oriel.io,AVAILABILITY,domains.list,2022-10-31 04:26:42.210122
aloseks.org,AVAILABILITY,domains.list,2022-10-31 04:26:42.761656
api.data-monitor.info,AVAILABILITY,domains.list,2022-10-31 04:26:43.154313
api211.thefilter.com,AVAILABILITY,domains.list,2022-10-31 04:26:43.758543
beamkite.com,AVAILABILITY,domains.list,2022-10-31 04:26:44.250600
ad.fyber.angsrvr.com,AVAILABILITY,domains.list,2022-10-31 04:26:45.962608
brassrule.com,AVAILABILITY,domains.list,2022-10-31 04:26:46.410092
cherrythread.com,AVAILABILITY,domains.list,2022-10-31 04:26:46.865474
cameforcameand33212.com,AVAILABILITY,domains.list,2022-10-31 04:26:47.258760
au.np.adproxy.ndmdhs.com,AVAILABILITY,domains.list,2022-10-31 04:26:48.116922
chinchickens.com,AVAILABILITY,domains.list,2022-10-31 04:26:48.625609
chiefcurrent.com,AVAILABILITY,domains.list,2022-10-31 04:26:49.125687
concernrain.com,AVAILABILITY,domains.list,2022-10-31 04:26:49.565890
consciouscabbage.com,AVAILABILITY,domains.list,2022-10-31 04:26:49.982950
familiarfloor.com,AVAILABILITY,domains.list,2022-10-31 04:26:50.427871
dolphindispute.com,AVAILABILITY,domains.list,2022-10-31 04:26:50.930533
fanaticalfly.com,AVAILABILITY,domains.list,2022-10-31 04:26:51.440750
fd-fp3.wg1.b.yahoo.com,AVAILABILITY,domains.list,2022-10-31 04:26:51.871861
fhm.degearwom.de,AVAILABILITY,domains.list,2022-10-31 04:26:52.420593
foamybox.com,AVAILABILITY,domains.list,2022-10-31 04:26:52.840302
flavordecision.com,AVAILABILITY,domains.list,2022-10-31 04:26:53.283184
futuristicfear.com,AVAILABILITY,domains.list,2022-10-31 04:26:53.727350
gate.hockeyapp.net,AVAILABILITY,domains.list,2022-10-31 04:26:54.466254
guardedgovernor.com,AVAILABILITY,domains.list,2022-10-31 04:26:54.904021
gfe.geforce.com,AVAILABILITY,domains.list,2022-10-31 04:26:55.417203
guitarbelieve.com,AVAILABILITY,domains.list,2022-10-31 04:26:55.875012
iframe.chefkoch.deioam.de,AVAILABILITY,domains.list,2022-10-31 04:26:56.513362
incrediblesugar.com,AVAILABILITY,domains.list,2022-10-31 04:26:56.994700
inviterabbits.com,AVAILABILITY,domains.list,2022-10-31 04:26:57.403742
insnw.ne,AVAILABILITY,domains.list,2022-10-31 04:26:58.735097
jewelcheese.com,AVAILABILITY,domains.list,2022-10-31 04:26:59.212523
karisimbi.net,AVAILABILITY,domains.list,2022-10-31 04:26:59.658718
jikenick12and67.com,AVAILABILITY,domains.list,2022-10-31 04:27:00.079639
limpingline.com,AVAILABILITY,domains.list,2022-10-31 04:27:00.494487
lopsidedspoon.com,AVAILABILITY,domains.list,2022-10-31 04:27:00.910752
matchcows.com,AVAILABILITY,domains.list,2022-10-31 04:27:01.309759
practicetoothpaste.com,AVAILABILITY,domains.list,2022-10-31 04:27:01.822042
rules.noadblock.org,AVAILABILITY,domains.list,2022-10-31 04:27:02.291960
adserver.lasiciliaweb.it,AVAILABILITY,domains.list,2022-10-31 04:27:03.046593
provideplant.com,AVAILABILITY,domains.list,2022-10-31 04:27:03.455804
reports.crashlytics.com,AVAILABILITY,domains.list,2022-10-31 04:27:03.851378
ritzysponge.com,AVAILABILITY,domains.list,2022-10-31 04:27:04.271352
public.vilynx.com,AVAILABILITY,domains.list,2022-10-31 04:27:04.722925
shelterstraw.com,AVAILABILITY,domains.list,2022-10-31 04:27:05.154106
shallowschool.com,AVAILABILITY,domains.list,2022-10-31 04:27:20.622121
shiveringsail.com,AVAILABILITY,domains.list,2022-10-31 04:27:21.089860
shockingswing.com,AVAILABILITY,domains.list,2022-10-31 04:27:21.633917
simplisticnose.com,AVAILABILITY,domains.list,2022-10-31 04:27:22.133269
sinceresofa.com,AVAILABILITY,domains.list,2022-10-31 04:27:22.650466
sincerespy.com,AVAILABILITY,domains.list,2022-10-31 04:27:28.069320
snakesort.com,AVAILABILITY,domains.list,2022-10-31 04:27:28.526379
sneaklevel.com,AVAILABILITY,domains.list,2022-10-31 04:27:29.003649
spectacularsnail.com,AVAILABILITY,domains.list,2022-10-31 04:27:29.454286
squeamishscarecrow.com,AVAILABILITY,domains.list,2022-10-31 04:27:29.893429
spottysense.com,AVAILABILITY,domains.list,2022-10-31 04:27:30.385714
static-assets-queue-it.net,AVAILABILITY,domains.list,2022-10-31 04:27:30.782309
straightschool.com,AVAILABILITY,domains.list,2022-10-31 04:27:31.175913
structuresofa.com,AVAILABILITY,domains.list,2022-10-31 04:27:31.610188
superficialsink.com,AVAILABILITY,domains.list,2022-10-31 04:27:32.064059
supplysummer.com,AVAILABILITY,domains.list,2022-10-31 04:27:32.558471
terribleturkey.com,AVAILABILITY,domains.list,2022-10-31 04:27:33.018451
teschenite.com,AVAILABILITY,domains.list,2022-10-31 04:27:33.462411
tracedesire.com,AVAILABILITY,domains.list,2022-10-31 04:27:33.944321
tritetongue.com,AVAILABILITY,domains.list,2022-10-31 04:27:34.384514
adserver.greeners.co,AVAILABILITY,domains.list,2022-10-31 04:27:35.944095
adv2.grupopreferente.com,AVAILABILITY,domains.list,2022-10-31 04:27:36.824124
revive.saechsische-schweiz.de,AVAILABILITY,domains.list,2022-10-31 04:27:37.196719
us.intellitxt.com,AVAILABILITY,domains.list,2022-10-31 04:27:38.005749
truthfulturn.com,AVAILABILITY,domains.list,2022-10-31 04:27:38.479523
www.2znp09oa.com,AVAILABILITY,domains.list,2022-10-31 04:27:38.991538
www.4jnzhl0d0.com,AVAILABILITY,domains.list,2022-10-31 04:27:39.586984
www.5mcwl.pw,AVAILABILITY,domains.list,2022-10-31 04:27:40.075349
www.6ldu6qa.com,AVAILABILITY,domains.list,2022-10-31 04:27:40.582550
www.abandonedclover.com,AVAILABILITY,domains.list,2022-10-31 04:27:40.992132
www.82o9v830.com,AVAILABILITY,domains.list,2022-10-31 04:27:41.461771
www.aboriginalboats.com,AVAILABILITY,domains.list,2022-10-31 04:27:41.900533
www.aboardlevel.com,AVAILABILITY,domains.list,2022-10-31 04:27:42.347288
www.abruptroad.com,AVAILABILITY,domains.list,2022-10-31 04:27:42.806421
www.absentstream.com,AVAILABILITY,domains.list,2022-10-31 04:27:43.273392
www.absurdwater.com,AVAILABILITY,domains.list,2022-10-31 04:27:44.067455
www.acquireattention.com,AVAILABILITY,domains.list,2022-10-31 04:27:44.620679
www.actuallysheep.com,AVAILABILITY,domains.list,2022-10-31 04:27:45.068322
www.acridtwist.com,AVAILABILITY,domains.list,2022-10-31 04:27:45.524898
www.agreeableprice.com,AVAILABILITY,domains.list,2022-10-31 04:27:45.955480
www.afraidlanguage.com,AVAILABILITY,domains.list,2022-10-31 04:27:46.520407
www.agreeabletouch.com,AVAILABILITY,domains.list,2022-10-31 04:27:47.072544
www.alertafterthought.com,AVAILABILITY,domains.list,2022-10-31 04:27:47.501417
www.ak0gsh40.com,AVAILABILITY,domains.list,2022-10-31 04:27:48.029096
www.aloseks.org,AVAILABILITY,domains.list,2022-10-31 04:27:48.444201
www.alikearm.com,AVAILABILITY,domains.list,2022-10-31 04:27:49.053441
www.ambitiousagreement.com,AVAILABILITY,domains.list,2022-10-31 04:27:49.539578
www.anxiousapples.com,AVAILABILITY,domains.list,2022-10-31 04:27:50.001067
www.apathetictheory.com,AVAILABILITY,domains.list,2022-10-31 04:27:50.586978
www.ar1nvz5.com,AVAILABILITY,domains.list,2022-10-31 04:27:51.279602
www.archswimming.com,AVAILABILITY,domains.list,2022-10-31 04:27:51.762674
www.advertisementafterthought.com,AVAILABILITY,domains.list,2022-10-31 04:27:52.248234
www.argyresthia.com,AVAILABILITY,domains.list,2022-10-31 04:27:52.858788
www.ariseboundary.com,AVAILABILITY,domains.list,2022-10-31 04:27:53.369344
www.attractivecap.com,AVAILABILITY,domains.list,2022-10-31 04:27:53.867753
www.arithmeticadjustment.com,AVAILABILITY,domains.list,2022-10-31 04:27:54.435939
www.auntants.com,AVAILABILITY,domains.list,2022-10-31 04:27:54.943819
www.awakebird.com,AVAILABILITY,domains.list,2022-10-31 04:27:55.512916
www.awzbijw.com,AVAILABILITY,domains.list,2022-10-31 04:27:56.054236
www.balloontexture.com,AVAILABILITY,domains.list,2022-10-31 04:27:56.545639
www.barbarousnerve.com,AVAILABILITY,domains.list,2022-10-31 04:27:57.066191
www.battlehope.com,AVAILABILITY,domains.list,2022-10-31 04:27:57.555993
www.baskettexture.com,AVAILABILITY,domains.list,2022-10-31 04:27:58.078528
www.battlebalance.com,AVAILABILITY,domains.list,2022-10-31 04:27:58.652867
www.beamkite.com,AVAILABILITY,domains.list,2022-10-31 04:27:59.107497
www.bawdybeast.com,AVAILABILITY,domains.list,2022-10-31 04:27:59.578907
www.beamincrease.com,AVAILABILITY,domains.list,2022-10-31 04:28:00.016149
www.beastbeef.com,AVAILABILITY,domains.list,2022-10-31 04:28:00.545336
www.bestboundary.com,AVAILABILITY,domains.list,2022-10-31 04:28:01.025181
www.bhcumsc.com,AVAILABILITY,domains.list,2022-10-31 04:28:01.484088
www.bewilderedblade.com,AVAILABILITY,domains.list,2022-10-31 04:28:02.108373
www.blushingboundary.com,AVAILABILITY,domains.list,2022-10-31 04:28:02.667424
www.billowybead.com,AVAILABILITY,domains.list,2022-10-31 04:28:03.228753
www.blushingbeast.com,AVAILABILITY,domains.list,2022-10-31 04:28:08.679564
www.boilingumbrella.com,AVAILABILITY,domains.list,2022-10-31 04:28:14.177939
www.boredborder.com,AVAILABILITY,domains.list,2022-10-31 04:28:14.785589
www.boilingbeetle.com,AVAILABILITY,domains.list,2022-10-31 04:28:15.424665
www.brassrule.com,AVAILABILITY,domains.list,2022-10-31 04:28:20.863794
www.boredcrown.com,AVAILABILITY,domains.list,2022-10-31 04:28:21.272449
www.boringcoat.com,AVAILABILITY,domains.list,2022-10-31 04:28:21.713660
www.breakfastboat.com,AVAILABILITY,domains.list,2022-10-31 04:28:27.215072
www.briefbears.com,AVAILABILITY,domains.list,2022-10-31 04:28:27.713472
www.broadboundary.com,AVAILABILITY,domains.list,2022-10-31 04:28:28.449719
www.broadcastbed.com,AVAILABILITY,domains.list,2022-10-31 04:28:28.980869
www.btez8.xyz,AVAILABILITY,domains.list,2022-10-31 04:28:30.524303
www.bucketbean.com,AVAILABILITY,domains.list,2022-10-31 04:28:30.973155
www.bulbbait.com,AVAILABILITY,domains.list,2022-10-31 04:28:31.536634
www.businessbells.com,AVAILABILITY,domains.list,2022-10-31 04:28:31.952464
www.bustlinganimal.com,AVAILABILITY,domains.list,2022-10-31 04:28:32.466680
www.calculatingcircle.com,AVAILABILITY,domains.list,2022-10-31 04:28:32.933362
www.butterburst.com,AVAILABILITY,domains.list,2022-10-31 04:28:33.428008
www.calculatingtoothbrush.com,AVAILABILITY,domains.list,2022-10-31 04:28:33.921832
www.calculatorcamera.com,AVAILABILITY,domains.list,2022-10-31 04:28:34.466904
www.cameforcameand33212.com,AVAILABILITY,domains.list,2022-10-31 04:28:34.901348
www.callousbrake.com,AVAILABILITY,domains.list,2022-10-31 04:28:35.421385
www.calmcactus.com,AVAILABILITY,domains.list,2022-10-31 04:28:35.874488
www.cannonjudo.com,AVAILABILITY,domains.list,2022-10-31 04:28:36.447535
www.capablecows.com,AVAILABILITY,domains.list,2022-10-31 04:28:36.925893
www.capablecup.com,AVAILABILITY,domains.list,2022-10-31 04:28:37.406094
www.carscannon.com,AVAILABILITY,domains.list,2022-10-31 04:28:37.882243
www.caringzinc.com,AVAILABILITY,domains.list,2022-10-31 04:28:38.413331
www.carriagecan.com,AVAILABILITY,domains.list,2022-10-31 04:28:38.934333
www.chairscrack.com,AVAILABILITY,domains.list,2022-10-31 04:28:39.526776
www.cautiouscredit.com,AVAILABILITY,domains.list,2022-10-31 04:28:40.039451
www.channelcamp.com,AVAILABILITY,domains.list,2022-10-31 04:28:40.490689
www.cherrythread.com,AVAILABILITY,domains.list,2022-10-31 04:28:40.955673
www.chesscolor.com,AVAILABILITY,domains.list,2022-10-31 04:28:41.622731
www.chewcoat.com,AVAILABILITY,domains.list,2022-10-31 04:28:42.228903
www.chiefcurrent.com,AVAILABILITY,domains.list,2022-10-31 04:28:42.675239
www.chickensstation.com,AVAILABILITY,domains.list,2022-10-31 04:28:43.128930
www.chinchickens.com,AVAILABILITY,domains.list,2022-10-31 04:28:43.703040
www.chinsnakes.com,AVAILABILITY,domains.list,2022-10-31 04:28:44.156966
www.clearcabbage.com,AVAILABILITY,domains.list,2022-10-31 04:28:44.772251
www.chunkycactus.com,AVAILABILITY,domains.list,2022-10-31 04:28:45.246002
www.colorfulafterthought.com,AVAILABILITY,domains.list,2022-10-31 04:28:45.857338
www.cloudsdestruction.com,AVAILABILITY,domains.list,2022-10-31 04:28:46.385468
www.cloisteredhydrant.com,AVAILABILITY,domains.list,2022-10-31 04:28:46.915624
www.comfortablecheese.com,AVAILABILITY,domains.list,2022-10-31 04:28:47.332282
www.commonswing.com,AVAILABILITY,domains.list,2022-10-31 04:28:47.774619
www.completecabbage.com,AVAILABILITY,domains.list,2022-10-31 04:28:48.255177
www.complextoad.com,AVAILABILITY,domains.list,2022-10-31 04:28:48.806996
www.concernedcondition.com,AVAILABILITY,domains.list,2022-10-31 04:28:49.251876
www.consciouscabbage.com,AVAILABILITY,domains.list,2022-10-31 04:28:49.682827
www.consciousdirt.com,AVAILABILITY,domains.list,2022-10-31 04:28:50.370184
www.consistpotato.com,AVAILABILITY,domains.list,2022-10-31 04:28:51.008117
www.coordinatedbedroom.com,AVAILABILITY,domains.list,2022-10-31 04:28:51.497092
www.coordinatedcub.com,AVAILABILITY,domains.list,2022-10-31 04:28:51.999968
www.copperchickens.com,AVAILABILITY,domains.list,2022-10-31 04:28:52.492327
www.copyrightaccesscontrols.com,AVAILABILITY,domains.list,2022-10-31 04:28:52.980132
www.copycarpenter.com,AVAILABILITY,domains.list,2022-10-31 04:28:53.474323
www.correctchaos.com,AVAILABILITY,domains.list,2022-10-31 04:28:54.105367
www.crabbychin.com,AVAILABILITY,domains.list,2022-10-31 04:28:54.655677
www.crawlclocks.com,AVAILABILITY,domains.list,2022-10-31 04:28:55.209863
www.concernrain.com,AVAILABILITY,domains.list,2022-10-31 04:28:55.621049
www.crayoncompetition.com,AVAILABILITY,domains.list,2022-10-31 04:28:56.225240
www.critictruck.com,AVAILABILITY,domains.list,2022-10-31 04:28:56.726265
www.crownclam.com,AVAILABILITY,domains.list,2022-10-31 04:28:57.463604
www.cubchannel.com,AVAILABILITY,domains.list,2022-10-31 04:28:57.999748
www.cumbersomecloud.com,AVAILABILITY,domains.list,2022-10-31 04:28:58.435049
www.culturedcrayon.com,AVAILABILITY,domains.list,2022-10-31 04:28:58.996388
www.cutecushion.com,AVAILABILITY,domains.list,2022-10-31 04:28:59.511264
www.cuteturkey.com,AVAILABILITY,domains.list,2022-10-31 04:29:00.030574
www.curtaincows.com,AVAILABILITY,domains.list,2022-10-31 04:29:00.467388
www.d16s8pqtk4uodx.cloudfront.net,AVAILABILITY,domains.list,2022-10-31 04:29:00.925262
ads.mygc.com.au,AVAILABILITY,domains.list,2022-10-31 04:29:01.367919
adserver.maispb.com.br,AVAILABILITY,domains.list,2022-10-31 04:29:02.123567
euw.adserver.snapads.com,AVAILABILITY,domains.list,2022-10-31 04:29:02.739977
jita.rtk.io,AVAILABILITY,domains.list,2022-10-31 04:29:09.141814
sync.rtk.io,AVAILABILITY,domains.list,2022-10-31 04:29:10.281938
thor.rtk.io,AVAILABILITY,domains.list,2022-10-31 04:29:16.774653
www.d3hmp0045zy3cs.cloudfront.net,AVAILABILITY,domains.list,2022-10-31 04:29:17.311901
www.d20i5e3rqc90ne.cloudfront.net,AVAILABILITY,domains.list,2022-10-31 04:29:17.899377
www.d29usylhdk1xyu.cloudfront.net,AVAILABILITY,domains.list,2022-10-31 04:29:18.438563
www.damdoor.com,AVAILABILITY,domains.list,2022-10-31 04:29:23.988020
www.d35fgcharv2shj.cloudfront.net,AVAILABILITY,domains.list,2022-10-31 04:29:24.441217
www.dancemistake.com,AVAILABILITY,domains.list,2022-10-31 04:29:24.995898
www.dashingdirt.com,AVAILABILITY,domains.list,2022-10-31 04:29:25.441936
www.dapperfloor.com,AVAILABILITY,domains.list,2022-10-31 04:29:25.894507
www.dashingsweater.com,AVAILABILITY,domains.list,2022-10-31 04:29:26.458953
www.debonairway.com,AVAILABILITY,domains.list,2022-10-31 04:29:27.019781
www.deadpantruck.com,AVAILABILITY,domains.list,2022-10-31 04:29:27.505373
www.decidedrum.com,AVAILABILITY,domains.list,2022-10-31 04:29:28.245589
www.decisivedrawer.com,AVAILABILITY,domains.list,2022-10-31 04:29:28.711813
www.defectivesun.com,AVAILABILITY,domains.list,2022-10-31 04:29:29.156196
www.decisiveducks.com,AVAILABILITY,domains.list,2022-10-31 04:29:29.670558
www.decoycreation.com,AVAILABILITY,domains.list,2022-10-31 04:29:30.218140
www.delightfulhour.com,AVAILABILITY,domains.list,2022-10-31 04:29:30.745589
www.delegatediscussion.com,AVAILABILITY,domains.list,2022-10-31 04:29:31.245452
www.desertedbreath.com,AVAILABILITY,domains.list,2022-10-31 04:29:31.863929
www.detailedglue.com,AVAILABILITY,domains.list,2022-10-31 04:29:32.363484
www.detailedgovernment.com,AVAILABILITY,domains.list,2022-10-31 04:29:32.974948
www.detectdinner.com,AVAILABILITY,domains.list,2022-10-31 04:29:33.624930
www.detectdiscovery.com,AVAILABILITY,domains.list,2022-10-31 04:29:34.114725
www.discreetfield.com,AVAILABILITY,domains.list,2022-10-31 04:29:34.632199
www.dispensablestranger.com,AVAILABILITY,domains.list,2022-10-31 04:29:35.139428
www.divergentoffer.com,AVAILABILITY,domains.list,2022-10-31 04:29:36.260179
www.dk4ywix.com,AVAILABILITY,domains.list,2022-10-31 04:29:36.733275
www.docj27ko03fnu.cloudfront.net,AVAILABILITY,domains.list,2022-10-31 04:29:37.185200
www.dolphindispute.com,AVAILABILITY,domains.list,2022-10-31 04:29:37.853922
www.desertedrat.com,AVAILABILITY,domains.list,2022-10-31 04:29:38.410999
www.donkeyleaf.com,AVAILABILITY,domains.list,2022-10-31 04:29:38.818480
www.doubtfulrainstorm.com,AVAILABILITY,domains.list,2022-10-31 04:29:39.387477
www.dq95d35.com,AVAILABILITY,domains.list,2022-10-31 04:29:39.899803
www.drabsize.com,AVAILABILITY,domains.list,2022-10-31 04:29:40.595279
www.draconiancurve.com,AVAILABILITY,domains.list,2022-10-31 04:29:41.292948
www.dragzebra.com,AVAILABILITY,domains.list,2022-10-31 04:29:41.772198
www.driverequest.com,AVAILABILITY,domains.list,2022-10-31 04:29:42.262852
www.dripappliance.com,AVAILABILITY,domains.list,2022-10-31 04:29:42.834836
www.docksalmon.com,AVAILABILITY,domains.list,2022-10-31 04:29:43.428356
www.drydrum.com,AVAILABILITY,domains.list,2022-10-31 04:29:43.953150
www.drivingdirt.com,AVAILABILITY,domains.list,2022-10-31 04:29:44.452204
www.earthycopy.com,AVAILABILITY,domains.list,2022-10-31 04:29:45.347444
www.economicpizzas.com,AVAILABILITY,domains.list,2022-10-31 04:29:45.966625
www.earthquakescarf.com,AVAILABILITY,domains.list,2022-10-31 04:29:46.724712
www.efficaciouscactus.com,AVAILABILITY,domains.list,2022-10-31 04:29:47.291248
www.elasticchange.com,AVAILABILITY,domains.list,2022-10-31 04:29:47.761469
www.elderlyinsect.com,AVAILABILITY,domains.list,2022-10-31 04:29:48.461966
www.elderlyscissors.com,AVAILABILITY,domains.list,2022-10-31 04:29:48.904501
www.eliminateeffect.com,AVAILABILITY,domains.list,2022-10-31 04:29:49.309643
www.elderlytown.com,AVAILABILITY,domains.list,2022-10-31 04:29:49.922856
www.elephantqueue.com,AVAILABILITY,domains.list,2022-10-31 04:29:50.473501
www.encourageidea.com,AVAILABILITY,domains.list,2022-10-31 04:29:50.933637
www.encouragingwilderness.com,AVAILABILITY,domains.list,2022-10-31 04:29:51.369038
www.endurableshop.com,AVAILABILITY,domains.list,2022-10-31 04:29:52.087828
www.enthusiasticdad.com,AVAILABILITY,domains.list,2022-10-31 04:29:52.676489
www.errortablet.com,AVAILABILITY,domains.list,2022-10-31 04:29:53.231434
www.enviousthread.com,AVAILABILITY,domains.list,2022-10-31 04:29:53.737185
www.erraticreaction.com,AVAILABILITY,domains.list,2022-10-31 04:29:54.266655
www.exclusivebrass.com,AVAILABILITY,domains.list,2022-10-31 04:29:59.714205
www.evanescentedge.com,AVAILABILITY,domains.list,2022-10-31 04:30:06.868306
www.experienceeggs.com,AVAILABILITY,domains.list,2022-10-31 04:30:12.404847
www.fadedprofit.com,AVAILABILITY,domains.list,2022-10-31 04:30:17.934176
www.familiarfloor.com,AVAILABILITY,domains.list,2022-10-31 04:30:18.359260
www.facilitategrandfather.com,AVAILABILITY,domains.list,2022-10-31 04:30:18.962655
www.fanaticalfly.com,AVAILABILITY,domains.list,2022-10-31 04:30:24.537688
www.farethief.com,AVAILABILITY,domains.list,2022-10-31 04:30:30.250406
www.farmergoldfish.com,AVAILABILITY,domains.list,2022-10-31 04:30:30.699280
www.faultycanvas.com,AVAILABILITY,domains.list,2022-10-31 04:30:31.173958
www.finalizeforce.com,AVAILABILITY,domains.list,2022-10-31 04:30:31.762353
www.fearfowl.com,AVAILABILITY,domains.list,2022-10-31 04:30:37.298958
www.flavordecision.com,AVAILABILITY,domains.list,2022-10-31 04:30:47.795049
www.flakyfeast.com,AVAILABILITY,domains.list,2022-10-31 04:30:48.386398
www.flimsycircle.com,AVAILABILITY,domains.list,2022-10-31 04:30:48.878187
www.foamybox.com,AVAILABILITY,domains.list,2022-10-31 04:30:49.327234
www.floweryoperation.com,AVAILABILITY,domains.list,2022-10-31 04:30:49.891610
www.floodprincipal.com,AVAILABILITY,domains.list,2022-10-31 04:30:50.375185
www.foregoingfowl.com,AVAILABILITY,domains.list,2022-10-31 04:30:50.899695
www.fourarithmetic.com,AVAILABILITY,domains.list,2022-10-31 04:30:51.493818
www.fourfork.com,AVAILABILITY,domains.list,2022-10-31 04:30:57.010053
www.frailoffer.com,AVAILABILITY,domains.list,2022-10-31 04:30:57.670215
www.frightenedpotato.com,AVAILABILITY,domains.list,2022-10-31 04:30:58.137495
www.franticcarpenter.com,AVAILABILITY,domains.list,2022-10-31 04:30:58.721310
www.funnyairplane.com,AVAILABILITY,domains.list,2022-10-31 04:30:59.153781
www.futuristicapparatus.com,AVAILABILITY,domains.list,2022-10-31 04:30:59.802161
www.futuristicfairies.com,AVAILABILITY,domains.list,2022-10-31 04:31:00.337349
www.futuristicfifth.com,AVAILABILITY,domains.list,2022-10-31 04:31:00.887290
www.futuristicfold.com,AVAILABILITY,domains.list,2022-10-31 04:31:01.447803
www.fuzzyweather.com,AVAILABILITY,domains.list,2022-10-31 04:31:02.022903
www.fuzzyflavor.com,AVAILABILITY,domains.list,2022-10-31 04:31:02.608560
www.gammamaximum.com,AVAILABILITY,domains.list,2022-10-31 04:31:03.072325
www.giddycoat.com,AVAILABILITY,domains.list,2022-10-31 04:31:03.729999
www.giftedglue.com,AVAILABILITY,domains.list,2022-10-31 04:31:09.263094
www.giftedthumb.com,AVAILABILITY,domains.list,2022-10-31 04:31:19.881137
www.functionalcrown.com,AVAILABILITY,domains.list,2022-10-31 04:31:20.483796
www.giraffepiano.com,AVAILABILITY,domains.list,2022-10-31 04:31:21.153847
www.gleamingtrade.com,AVAILABILITY,domains.list,2022-10-31 04:31:31.812252
www.gloriousbeef.com,AVAILABILITY,domains.list,2022-10-31 04:31:32.404584
www.gloriouscracker.com,AVAILABILITY,domains.list,2022-10-31 04:31:32.948639
www.gondolagnome.com,AVAILABILITY,domains.list,2022-10-31 04:31:33.544806
www.googlesyndication.com,AVAILABILITY,domains.list,2022-10-31 04:31:33.980311
www.glossysense.com,AVAILABILITY,domains.list,2022-10-31 04:31:34.982416
www.gracefulsock.com,AVAILABILITY,domains.list,2022-10-31 04:31:35.796599
www.gorgeousground.com,AVAILABILITY,domains.list,2022-10-31 04:31:37.203278
www.greasysquare.com,AVAILABILITY,domains.list,2022-10-31 04:31:38.530861
www.greetzebra.com,AVAILABILITY,domains.list,2022-10-31 04:31:39.003469
www.greyinstrument.com,AVAILABILITY,domains.list,2022-10-31 04:31:39.516328
www.guardedgovernor.com,AVAILABILITY,domains.list,2022-10-31 04:31:39.990210
www.guitarbelieve.com,AVAILABILITY,domains.list,2022-10-31 04:31:40.460521
www.guardedschool.com,AVAILABILITY,domains.list,2022-10-31 04:31:40.994062
www.h78xb.pw,AVAILABILITY,domains.list,2022-10-31 04:31:41.483368
www.handyfield.com,AVAILABILITY,domains.list,2022-10-31 04:31:41.977066
www.handleteeth.com,AVAILABILITY,domains.list,2022-10-31 04:31:42.483232
www.happenhistory.com,AVAILABILITY,domains.list,2022-10-31 04:31:43.666112
www.headyhook.com,AVAILABILITY,domains.list,2022-10-31 04:31:44.183787
www.greasemotion.com,AVAILABILITY,domains.list,2022-10-31 04:31:44.692279
www.heavyplayground.com,AVAILABILITY,domains.list,2022-10-31 04:31:45.598442
www.hfc195b.com,AVAILABILITY,domains.list,2022-10-31 04:31:46.134930
www.highfalutinroom.com,AVAILABILITY,domains.list,2022-10-31 04:31:46.788959
www.highfalutinbox.com,AVAILABILITY,domains.list,2022-10-31 04:31:47.264614
www.hilariouszinc.com,AVAILABILITY,domains.list,2022-10-31 04:31:48.135613
www.homelycrown.com,AVAILABILITY,domains.list,2022-10-31 04:31:48.912238
www.hurtteeth.com,AVAILABILITY,domains.list,2022-10-31 04:31:49.510791
www.humdrumhat.com,AVAILABILITY,domains.list,2022-10-31 04:31:50.215228
www.hystericalhelp.com,AVAILABILITY,domains.list,2022-10-31 04:31:50.687972
www.i9w8p.pw,AVAILABILITY,domains.list,2022-10-31 04:31:51.250434
www.illustriousoatmeal.com,AVAILABILITY,domains.list,2022-10-31 04:31:51.786337
www.icebergindigo.com,AVAILABILITY,domains.list,2022-10-31 04:31:52.534367
www.importedincrease.com,AVAILABILITY,domains.list,2022-10-31 04:31:53.077765
www.impossiblemove.com,AVAILABILITY,domains.list,2022-10-31 04:31:53.557894
www.impulsehands.com,AVAILABILITY,domains.list,2022-10-31 04:31:54.060728
www.immensehoney.com,AVAILABILITY,domains.list,2022-10-31 04:31:54.522386
www.incrediblesugar.com,AVAILABILITY,domains.list,2022-10-31 04:31:54.993727
www.innocentinvention.com,AVAILABILITY,domains.list,2022-10-31 04:31:55.469551
www.informengine.com,AVAILABILITY,domains.list,2022-10-31 04:31:56.063192
www.inquisitiveinvention.com,AVAILABILITY,domains.list,2022-10-31 04:31:56.606445
www.innocentwax.com,AVAILABILITY,domains.list,2022-10-31 04:31:57.377884
www.insnw.ne,AVAILABILITY,domains.list,2022-10-31 04:32:00.097328
www.instartlogic.com,AVAILABILITY,domains.list,2022-10-31 04:32:00.695250
www.instrumentsponge.com,AVAILABILITY,domains.list,2022-10-31 04:32:01.278518
www.internalsink.com,AVAILABILITY,domains.list,2022-10-31 04:32:01.755496
www.inventionpassenger.com,AVAILABILITY,domains.list,2022-10-31 04:32:02.738541
www.investigatepin.com,AVAILABILITY,domains.list,2022-10-31 04:32:03.393873
www.invisioncloudstats.com,AVAILABILITY,domains.list,2022-10-31 04:32:04.092217
www.inviterabbits.com,AVAILABILITY,domains.list,2022-10-31 04:32:04.517302
www.invitesugar.com,AVAILABILITY,domains.list,2022-10-31 04:32:10.092881
www.ivykiosk.com,AVAILABILITY,domains.list,2022-10-31 04:32:10.615425
www.j93557g.com,AVAILABILITY,domains.list,2022-10-31 04:32:16.088655
www.jadeitite.com,AVAILABILITY,domains.list,2022-10-31 04:32:16.626668
www.jamexistence.com,AVAILABILITY,domains.list,2022-10-31 04:32:17.384647
www.jewelcheese.com,AVAILABILITY,domains.list,2022-10-31 04:32:22.814451
www.jikenick12and67.com,AVAILABILITY,domains.list,2022-10-31 04:32:23.242184
www.justicejudo.com,AVAILABILITY,domains.list,2022-10-31 04:32:23.734509
www.k54nw.pw,AVAILABILITY,domains.list,2022-10-31 04:32:24.331754
www.karisimbi.net,AVAILABILITY,domains.list,2022-10-31 04:32:24.816066
www.knifeoctopus.com,AVAILABILITY,domains.list,2022-10-31 04:32:25.263448
www.knottysticks.com,AVAILABILITY,domains.list,2022-10-31 04:32:25.756071
www.languagelake.com,AVAILABILITY,domains.list,2022-10-31 04:32:31.288934
www.laughablecopper.com,AVAILABILITY,domains.list,2022-10-31 04:32:31.868873
www.laughcloth.com,AVAILABILITY,domains.list,2022-10-31 04:32:37.377894
www.leaplunchroom.com,AVAILABILITY,domains.list,2022-10-31 04:32:42.840446
www.lightcushion.com,AVAILABILITY,domains.list,2022-10-31 04:32:48.482731
www.limpingline.com,AVAILABILITY,domains.list,2022-10-31 04:32:53.945286
www.livelumber.com,AVAILABILITY,domains.list,2022-10-31 04:32:54.767365
www.lizardslaugh.com,AVAILABILITY,domains.list,2022-10-31 04:32:55.251735
www.lopsidedspoon.com,AVAILABILITY,domains.list,2022-10-31 04:32:55.718591
www.lp3tdqle.com,AVAILABILITY,domains.list,2022-10-31 04:32:56.227281
www.maniacalappliance.com,AVAILABILITY,domains.list,2022-10-31 04:33:01.736662
www.markedcrayon.com,AVAILABILITY,domains.list,2022-10-31 04:33:02.387473
www.massivemark.com,AVAILABILITY,domains.list,2022-10-31 04:33:02.901469
www.matchcows.com,AVAILABILITY,domains.list,2022-10-31 04:33:03.334092
www.materialisticfan.com,AVAILABILITY,domains.list,2022-10-31 04:33:08.862923
www.medusasailor.com,AVAILABILITY,domains.list,2022-10-31 04:33:09.438518
www.memorizeneck.com,AVAILABILITY,domains.list,2022-10-31 04:33:10.073790
www.memorycobweb.com,AVAILABILITY,domains.list,2022-10-31 04:33:15.580822
www.messagenovice.com,AVAILABILITY,domains.list,2022-10-31 04:33:25.987919
www.mimosamajor.com,AVAILABILITY,domains.list,2022-10-31 04:33:31.738462
www.minormeeting.com,AVAILABILITY,domains.list,2022-10-31 04:33:32.292664
www.mixedreading.com,AVAILABILITY,domains.list,2022-10-31 04:33:37.749406
www.modifyeyes.com,AVAILABILITY,domains.list,2022-10-31 04:33:38.452860
www.motionlessbag.com,AVAILABILITY,domains.list,2022-10-31 04:33:38.932536
www.mowfruit.com,AVAILABILITY,domains.list,2022-10-31 04:33:39.468850
www.necessarywax.com,AVAILABILITY,domains.list,2022-10-31 04:33:39.974139
www.neighborlywatch.com,AVAILABILITY,domains.list,2022-10-31 04:33:40.522034
www.nervoussummer.com,AVAILABILITY,domains.list,2022-10-31 04:33:41.018236
www.niftyhospital.com,AVAILABILITY,domains.list,2022-10-31 04:33:41.622827
www.niftyjelly.com,AVAILABILITY,domains.list,2022-10-31 04:33:47.308428
www.noiselessplough.com,AVAILABILITY,domains.list,2022-10-31 04:33:47.800018
www.nondescriptcrowd.com,AVAILABILITY,domains.list,2022-10-31 04:33:48.372846
www.nondescriptstocking.com,AVAILABILITY,domains.list,2022-10-31 04:33:49.017025
www.nostalgicknot.com,AVAILABILITY,domains.list,2022-10-31 04:33:49.593035
www.nullnorth.com,AVAILABILITY,domains.list,2022-10-31 04:33:50.051853
www.omniscientfeeling.com,AVAILABILITY,domains.list,2022-10-31 04:33:50.514507
www.oppositeoperation.com,AVAILABILITY,domains.list,2022-10-31 04:33:51.114444
www.optimallimit.com,AVAILABILITY,domains.list,2022-10-31 04:33:51.572310
www.orangeoperation.com,AVAILABILITY,domains.list,2022-10-31 04:33:52.203164
www.owlsr.us,AVAILABILITY,domains.list,2022-10-31 04:33:53.286476
www.paddleangle.com,AVAILABILITY,domains.list,2022-10-31 04:33:53.766352
www.paleleaf.com,AVAILABILITY,domains.list,2022-10-31 04:33:54.519564
www.panoramicbutter.com,AVAILABILITY,domains.list,2022-10-31 04:33:55.259534
www.parchedangle.com,AVAILABILITY,domains.list,2022-10-31 04:33:55.815706
www.parsimoniouspolice.com,AVAILABILITY,domains.list,2022-10-31 04:33:56.342671
www.partplanes.com,AVAILABILITY,domains.list,2022-10-31 04:33:56.808357
www.penspade.com,AVAILABILITY,domains.list,2022-10-31 04:33:57.456291
www.insnw.net,AVAILABILITY,domains.list,2022-10-31 04:34:04.008821
www.perceivequarter.com,AVAILABILITY,domains.list,2022-10-31 04:34:04.714664
www.perpetualpail.com,AVAILABILITY,domains.list,2022-10-31 04:34:05.847786
www.petiteumbrella.com,AVAILABILITY,domains.list,2022-10-31 04:34:06.388161
www.inscname.net,AVAILABILITY,domains.list,2022-10-31 04:34:16.244190
www.pigspie.com,AVAILABILITY,domains.list,2022-10-31 04:34:16.805284
www.pietexture.com,AVAILABILITY,domains.list,2022-10-31 04:34:17.403942
www.piquantstove.com,AVAILABILITY,domains.list,2022-10-31 04:34:17.890584
www.photographpan.com,AVAILABILITY,domains.list,2022-10-31 04:34:18.636058
www.pizzasnut.com,AVAILABILITY,domains.list,2022-10-31 04:34:19.710523
www.practicetoothpaste.com,AVAILABILITY,domains.list,2022-10-31 04:34:20.316854
www.possibleboats.com,AVAILABILITY,domains.list,2022-10-31 04:34:20.826432
www.possessivebucket.com,AVAILABILITY,domains.list,2022-10-31 04:34:21.393626
www.prefixpatriot.com,AVAILABILITY,domains.list,2022-10-31 04:34:21.944265
www.previousplayground.com,AVAILABILITY,domains.list,2022-10-31 04:34:22.740706
www.previouspotato.com,AVAILABILITY,domains.list,2022-10-31 04:34:23.240500
www.productivepear.com,AVAILABILITY,domains.list,2022-10-31 04:34:24.174637
www.provideplant.com,AVAILABILITY,domains.list,2022-10-31 04:34:24.609415
www.profitrumour.com,AVAILABILITY,domains.list,2022-10-31 04:34:25.353750
www.puffyloss.com,AVAILABILITY,domains.list,2022-10-31 04:34:25.938456
www.puffypurpose.com,AVAILABILITY,domains.list,2022-10-31 04:34:26.470193
www.puzzlingfall.com,AVAILABILITY,domains.list,2022-10-31 04:34:26.934995
www.purchasesuggestion.com,AVAILABILITY,domains.list,2022-10-31 04:34:27.467237
www.quaintcan.com,AVAILABILITY,domains.list,2022-10-31 04:34:27.978986
www.quacksquirrel.com,AVAILABILITY,domains.list,2022-10-31 04:34:28.676656
www.presetrabbits.com,AVAILABILITY,domains.list,2022-10-31 04:34:29.179796
www.quarterbean.com,AVAILABILITY,domains.list,2022-10-31 04:34:29.679712
www.quicksandear.com,AVAILABILITY,domains.list,2022-10-31 04:34:30.148743
www.railwayrainstorm.com,AVAILABILITY,domains.list,2022-10-31 04:34:30.619416
www.quizzicalzephyr.com,AVAILABILITY,domains.list,2022-10-31 04:34:31.202606
www.rainyhand.com,AVAILABILITY,domains.list,2022-10-31 04:34:31.833908
www.rapidkittens.com,AVAILABILITY,domains.list,2022-10-31 04:34:32.336792
www.rainystretch.com,AVAILABILITY,domains.list,2022-10-31 04:34:32.837689
www.readgoldfish.com,AVAILABILITY,domains.list,2022-10-31 04:34:33.270215
www.raresummer.com,AVAILABILITY,domains.list,2022-10-31 04:34:33.805916
www.readingopera.com,AVAILABILITY,domains.list,2022-10-31 04:34:34.254092
www.readingguilt.com,AVAILABILITY,domains.list,2022-10-31 04:34:34.750311
www.readymoon.com,AVAILABILITY,domains.list,2022-10-31 04:34:35.236089
www.rebelsubway.com,AVAILABILITY,domains.list,2022-10-31 04:34:35.795915
www.realizerecess.com,AVAILABILITY,domains.list,2022-10-31 04:34:36.228824
www.referdriving.com,AVAILABILITY,domains.list,2022-10-31 04:34:36.651245
www.receptiveink.com,AVAILABILITY,domains.list,2022-10-31 04:34:37.187879
www.receptivereaction.com,AVAILABILITY,domains.list,2022-10-31 04:34:37.696576
www.reflectivereward.com,AVAILABILITY,domains.list,2022-10-31 04:34:38.245094
www.resolutekey.com,AVAILABILITY,domains.list,2022-10-31 04:34:38.755170
www.repeatsweater.com,AVAILABILITY,domains.list,2022-10-31 04:34:39.467937
www.resonantrock.com,AVAILABILITY,domains.list,2022-10-31 04:34:40.002627
www.resonantbrush.com,AVAILABILITY,domains.list,2022-10-31 04:34:40.566370
www.respectrain.com,AVAILABILITY,domains.list,2022-10-31 04:34:41.076334
www.rhetoricalloss.com,AVAILABILITY,domains.list,2022-10-31 04:34:41.602809
www.richstring.com,AVAILABILITY,domains.list,2022-10-31 04:34:42.184410
www.ringsrecord.com,AVAILABILITY,domains.list,2022-10-31 04:34:42.733070
www.ritzysponge.com,AVAILABILITY,domains.list,2022-10-31 04:34:43.204669
www.rhymezebra.com,AVAILABILITY,domains.list,2022-10-31 04:34:43.715361
www.robustbelieve.com,AVAILABILITY,domains.list,2022-10-31 04:34:44.238582
www.rodeopolice.com,AVAILABILITY,domains.list,2022-10-31 04:34:44.702290
www.roughroll.com,AVAILABILITY,domains.list,2022-10-31 04:34:45.361369
www.ruthlessmilk.com,AVAILABILITY,domains.list,2022-10-31 04:34:45.876175
www.saysidewalk.com,AVAILABILITY,domains.list,2022-10-31 04:34:46.394560
www.savorystructure.com,AVAILABILITY,domains.list,2022-10-31 04:34:46.963375
www.scarcesign.com,AVAILABILITY,domains.list,2022-10-31 04:34:47.649097
www.scientificshirt.com,AVAILABILITY,domains.list,2022-10-31 04:34:48.170745
www.scintillatingspace.com,AVAILABILITY,domains.list,2022-10-31 04:34:48.779112
www.screechingfurniture.com,AVAILABILITY,domains.list,2022-10-31 04:34:49.392608
www.scratchsofa.com,AVAILABILITY,domains.list,2022-10-31 04:34:49.959197
www.scrubsky.com,AVAILABILITY,domains.list,2022-10-31 04:34:50.360983
www.scrubswim.com,AVAILABILITY,domains.list,2022-10-31 04:34:50.793776
www.selectionship.com,AVAILABILITY,domains.list,2022-10-31 04:34:51.263997
www.selectivesummer.com,AVAILABILITY,domains.list,2022-10-31 04:34:51.749099
www.selfishsea.com,AVAILABILITY,domains.list,2022-10-31 04:34:52.222911
www.separatesilver.com,AVAILABILITY,domains.list,2022-10-31 04:34:52.659562
www.shakesuggestion.com,AVAILABILITY,domains.list,2022-10-31 04:34:53.133363
www.shallowschool.com,AVAILABILITY,domains.list,2022-10-31 04:34:53.547803
www.shakytaste.com,AVAILABILITY,domains.list,2022-10-31 04:34:54.007523
www.shelterstraw.com,AVAILABILITY,domains.list,2022-10-31 04:34:54.421599
www.shallowsmile.com,AVAILABILITY,domains.list,2022-10-31 04:34:54.958113
www.shiveringsail.com,AVAILABILITY,domains.list,2022-10-31 04:34:55.376824
www.sharppatch.com,AVAILABILITY,domains.list,2022-10-31 04:34:55.868132
www.shockinggrass.com,AVAILABILITY,domains.list,2022-10-31 04:34:56.426726
www.shockingswing.com,AVAILABILITY,domains.list,2022-10-31 04:34:56.880867
www.shockingship.com,AVAILABILITY,domains.list,2022-10-31 04:34:57.402026
www.shyseed.com,AVAILABILITY,domains.list,2022-10-31 04:34:57.850054
www.sicksmash.com,AVAILABILITY,domains.list,2022-10-31 04:34:58.336700
www.sillyscrew.com,AVAILABILITY,domains.list,2022-10-31 04:34:58.837490
www.simplisticnose.com,AVAILABILITY,domains.list,2022-10-31 04:34:59.266854
www.sinceresofa.com,AVAILABILITY,domains.list,2022-10-31 04:34:59.700859
www.sincerebuffalo.com,AVAILABILITY,domains.list,2022-10-31 04:35:00.253575
www.sincerespy.com,AVAILABILITY,domains.list,2022-10-31 04:35:00.688749
www.slaysweater.com,AVAILABILITY,domains.list,2022-10-31 04:35:01.105899
www.sleepcartoon.com,AVAILABILITY,domains.list,2022-10-31 04:35:01.667415
www.slimyscarf.com,AVAILABILITY,domains.list,2022-10-31 04:35:02.289095
www.slipperysack.com,AVAILABILITY,domains.list,2022-10-31 04:35:02.797770
www.smilingwaves.com,AVAILABILITY,domains.list,2022-10-31 04:35:03.283116
www.snakesort.com,AVAILABILITY,domains.list,2022-10-31 04:35:03.725652
www.sneaklevel.com,AVAILABILITY,domains.list,2022-10-31 04:35:09.160602
www.snakesshop.com,AVAILABILITY,domains.list,2022-10-31 04:35:09.633373
www.sombersea.com,AVAILABILITY,domains.list,2022-10-31 04:35:10.140425
www.sootheside.com,AVAILABILITY,domains.list,2022-10-31 04:35:10.690606
www.similarsabine.com,AVAILABILITY,domains.list,2022-10-31 04:35:11.194581
www.sorethunder.com,AVAILABILITY,domains.list,2022-10-31 04:35:16.676800
www.spectacularsnail.com,AVAILABILITY,domains.list,2022-10-31 04:35:17.099466
www.sparklingnumber.com,AVAILABILITY,domains.list,2022-10-31 04:35:17.568609
www.spendpest.com,AVAILABILITY,domains.list,2022-10-31 04:35:18.165197
www.spiffymachine.com,AVAILABILITY,domains.list,2022-10-31 04:35:18.688030
www.spidersboats.com,AVAILABILITY,domains.list,2022-10-31 04:35:19.228819
www.spirebaboon.com,AVAILABILITY,domains.list,2022-10-31 04:35:19.733781
www.spottedsnow.com,AVAILABILITY,domains.list,2022-10-31 04:35:20.191199
www.spookyslope.com,AVAILABILITY,domains.list,2022-10-31 04:35:20.682061
www.spottednoise.com,AVAILABILITY,domains.list,2022-10-31 04:35:21.240900
www.spurioussteam.com,AVAILABILITY,domains.list,2022-10-31 04:35:21.728938
www.spuriousstranger.com,AVAILABILITY,domains.list,2022-10-31 04:35:22.194900
www.squashfriction.com,AVAILABILITY,domains.list,2022-10-31 04:35:22.720297
www.squeakzinc.com,AVAILABILITY,domains.list,2022-10-31 04:35:23.189217
www.squeamishscarecrow.com,AVAILABILITY,domains.list,2022-10-31 04:35:23.630792
www.stakingscrew.com,AVAILABILITY,domains.list,2022-10-31 04:35:29.131698
www.spottysense.com,AVAILABILITY,domains.list,2022-10-31 04:35:29.570850
www.static-assets-queue-it.net,AVAILABILITY,domains.list,2022-10-31 04:35:29.985597
www.standtrouble.com,AVAILABILITY,domains.list,2022-10-31 04:35:30.463951
www.spuriousbase.com,AVAILABILITY,domains.list,2022-10-31 04:35:31.082383
www.statuesquebrush.com,AVAILABILITY,domains.list,2022-10-31 04:35:31.691532
www.steadfastsound.com,AVAILABILITY,domains.list,2022-10-31 04:35:32.166708
www.steadfastsystem.com,AVAILABILITY,domains.list,2022-10-31 04:35:32.681338
www.stickssheep.com,AVAILABILITY,domains.list,2022-10-31 04:35:33.202134
www.stiffstem.com,AVAILABILITY,domains.list,2022-10-31 04:35:33.752907
www.storescissors.com,AVAILABILITY,domains.list,2022-10-31 04:35:34.412399
www.storesurprise.com,AVAILABILITY,domains.list,2022-10-31 04:35:34.915850
www.stormysponge.com,AVAILABILITY,domains.list,2022-10-31 04:35:35.386317
www.straightschool.com,AVAILABILITY,domains.list,2022-10-31 04:35:35.839426
www.stormyachiever.com,AVAILABILITY,domains.list,2022-10-31 04:35:36.274328
www.straightnest.com,AVAILABILITY,domains.list,2022-10-31 04:35:36.719616
www.stripedburst.com,AVAILABILITY,domains.list,2022-10-31 04:35:37.177335
www.strivesidewalk.com,AVAILABILITY,domains.list,2022-10-31 04:35:37.685078
www.structurerod.com,AVAILABILITY,domains.list,2022-10-31 04:35:38.330601
www.structuresofa.com,AVAILABILITY,domains.list,2022-10-31 04:35:38.804398
www.subsequentswim.com,AVAILABILITY,domains.list,2022-10-31 04:35:39.668468
www.suddensidewalk.com,AVAILABILITY,domains.list,2022-10-31 04:35:40.231691
www.suddensnake.com,AVAILABILITY,domains.list,2022-10-31 04:35:40.789659
www.succeedscene.com,AVAILABILITY,domains.list,2022-10-31 04:35:41.303514
www.superficialsink.com,AVAILABILITY,domains.list,2022-10-31 04:35:41.693779
www.supplysummer.com,AVAILABILITY,domains.list,2022-10-31 04:35:42.143288
www.supervisegoldfish.com,AVAILABILITY,domains.list,2022-10-31 04:35:42.686286
www.sugarcurtain.com,AVAILABILITY,domains.list,2022-10-31 04:35:43.295801
www.swimslope.com,AVAILABILITY,domains.list,2022-10-31 04:35:43.873482
www.symbolizebeast.com,AVAILABILITY,domains.list,2022-10-31 04:35:44.442016
www.swordgoose.com,AVAILABILITY,domains.list,2022-10-31 04:35:45.070016
www.systemizecoat.com,AVAILABILITY,domains.list,2022-10-31 04:35:45.531934
www.talentedsteel.com,AVAILABILITY,domains.list,2022-10-31 04:35:46.081467
www.tangibleteam.com,AVAILABILITY,domains.list,2022-10-31 04:35:46.579253
www.tastefulsongs.com,AVAILABILITY,domains.list,2022-10-31 04:35:47.076822
www.tarttendency.com,AVAILABILITY,domains.list,2022-10-31 04:35:47.528253
www.teenyvolcano.com,AVAILABILITY,domains.list,2022-10-31 04:35:48.147132
www.tdzvm.pw,AVAILABILITY,domains.list,2022-10-31 04:35:48.711302
www.tempttalk.com,AVAILABILITY,domains.list,2022-10-31 04:35:49.257680
www.tendertest.com,AVAILABILITY,domains.list,2022-10-31 04:35:49.784307
www.terribleturkey.com,AVAILABILITY,domains.list,2022-10-31 04:35:50.268425
www.teschenite.com,AVAILABILITY,domains.list,2022-10-31 04:35:50.763930
www.texturetrick.com,AVAILABILITY,domains.list,2022-10-31 04:35:51.327737
www.thingsafterthought.com,AVAILABILITY,domains.list,2022-10-31 04:35:51.948846
www.thinkablerice.com,AVAILABILITY,domains.list,2022-10-31 04:35:52.428059
www.thirdrespect.com,AVAILABILITY,domains.list,2022-10-31 04:35:52.966399
www.thinkabletrick.com,AVAILABILITY,domains.list,2022-10-31 04:35:53.470870
www.thirstytwig.com,AVAILABILITY,domains.list,2022-10-31 04:35:53.935209
www.thomastorch.com,AVAILABILITY,domains.list,2022-10-31 04:35:54.449549
www.threechurch.com,AVAILABILITY,domains.list,2022-10-31 04:35:54.894426
www.ticklesign.com,AVAILABILITY,domains.list,2022-10-31 04:35:55.431081
www.throattrees.com,AVAILABILITY,domains.list,2022-10-31 04:35:55.978925
www.timetwig.com,AVAILABILITY,domains.list,2022-10-31 04:35:56.511408
www.toedrawer.com,AVAILABILITY,domains.list,2022-10-31 04:35:57.086871
www.torpidtongue.com,AVAILABILITY,domains.list,2022-10-31 04:35:57.535801
www.toweringrun.com,AVAILABILITY,domains.list,2022-10-31 04:35:58.028588
www.tracedesire.com,AVAILABILITY,domains.list,2022-10-31 04:35:58.483416
www.tremendoustreatment.com,AVAILABILITY,domains.list,2022-10-31 04:35:59.196943
www.trickycelery.com,AVAILABILITY,domains.list,2022-10-31 04:35:59.762236
www.tritetongue.com,AVAILABILITY,domains.list,2022-10-31 04:36:00.228539
